ID,Number,First Name,LastName,Address,Source,Others
1,6-220-081-8085,Lillian,Jackson,"Ms. Lillian Jackson, Blue Anchor  7586, Irving - 4147, Myanmar",,
2,7-334-700-3561,Violet,Russel,"Ms. Violet Russel, Woodland 8598, Las Vegas - 1488, Mexico",,
3,6-373-356-7535,Peter,Wright,"Mr. Peter Wright, Union  3512, El Paso - 8506, Tajikistan",,
4,3-475-133-4600,Matthew,Lowe,"Mr. Matthew Lowe, Emden   6795, Reno - 8754, Equatorial Guinea",,
5,1-246-582-6618,Cassidy,Strong,"Mrs. Cassidy Strong, Endsleigh  4872, Murfreesboro - 1783, Dominica",,
6,2-322-717-8755,Mary,Stone ,"Mrs. Mary Stone , Castle 8266, Anaheim - 3325, Italy",,
7,6-153-336-6353,Jayden,Murray,"Mr. Jayden Murray, Dyott   4552, New Orleans - 8207, Korea, South",,
8,6-783-140-3208,Shannon,Bennett,"Ms. Shannon Bennett, Paris   4169, Murfreesboro - 1720, Monaco",,
9,1-408-722-1531,Stella,Varley,"Mrs. Stella Varley, Jackson 5178, Salem - 3102, Bhutan",,
10,3-274-688-0764,Julian,Lane,"Mr. Julian Lane, Norfolk  1528, Fayetteville - 8830, El Salvador",,
11,0-845-577-7175,Mason,Phillips,"Mr. Mason Phillips, Fawn 5501, Laredo - 5321, Guatemala",,
12,1-352-113-8738,Dakota,Radley,"Ms. Dakota Radley, Buttonwood 3292, Salem - 0837, Colombia",,
13,8-124-676-6082,Sabina,Porter,"Ms. Sabina Porter, Clifton  7455, Cincinnati - 6872, Portugal",,
14,1-272-122-7787,Isla,Rogan,"Miss Isla Rogan, Victoria  6357, Fayetteville - 0587, Honduras",,
15,0-252-158-3127,Sofie,Briggs,"Miss Sofie Briggs, Carolina  5184, Madrid - 6144, Serbia",,
16,4-801-765-6483,Shelby,Brock,"Mrs. Shelby Brock, Bishop   1236, Kansas City - 7464, Zimbabwe",,
17,4-645-225-7368,Celina,Mills,"Ms. Celina Mills, Lake 989, Columbus - 4431, Zambia",,
18,5-025-858-6812,Meredith,Rycroft,"Mrs. Meredith Rycroft, Yorkshire  3725, Madison - 7100, Norway",,
19,6-066-818-7375,Samara,Norton,"Miss Samara Norton, Chatfield  6721, Kansas City - 4808, Norway",,
20,0-631-040-6056,Logan,Evans,"Mr. Logan Evans, Chancellor  9766, Columbus - 8376, Finland",,
21,5-371-841-8363,Rick,Rivers,"Mr. Rick Rivers, Lincoln 8752, Minneapolis - 3051, Cambodia",,
22,0-334-305-1730,Marigold,Dixon,"Ms. Marigold Dixon, Duthie   1706, Boston - 7637, Andorra",,
23,6-450-045-1460,Samara,Wallace,"Mrs. Samara Wallace, Bliss  7940, Charlotte - 6552, USA",,
24,1-581-864-4477,Margaret,Hardwick,"Miss Margaret Hardwick, Callcott   6261, Sacramento - 2251, Gabon",,
25,5-520-652-5367,Juliette,Weatcroft,"Ms. Juliette Weatcroft, Bletchley   7309, Louisville - 0158, Thailand",,
26,8-080-828-3441,Nathan,West,"Mr. Nathan West, Fawn 7128, San Bernardino - 2248, Azerbaijan",,
27,4-534-748-1466,Anais,Simpson,"Miss Anais Simpson, Hickory   3483, Escondido - 3238, Italy",,
28,6-072-325-4868,Peter,Ellison,"Mr. Peter Ellison, Chancellor  1700, Lakewood - 4366, Côte d’Ivoire",,
29,5-828-805-7228,Benny,Lynn,"Mr. Benny Lynn, Baylis  6074, San Antonio - 7265, Georgia",,
30,1-641-374-4886,Marvin,Gray,"Mr. Marvin Gray, Andrews  6846, Madrid - 3751, Dominican Republic",,
31,3-158-574-0645,Kenzie,Owens,"Mrs. Kenzie Owens, Blandford  1631, Milwaukee - 6605, France",,
32,7-431-736-4056,Gina,Lloyd,"Miss Gina Lloyd, Gatonby   9144, Otawa - 3705, Finland",,
33,2-142-773-3362,Mike,Wilton,"Mr. Mike Wilton, Liverpool  6364, Prague - 8044, Liechtenstein",,
34,7-317-056-5215,Tony,Owen,"Mr. Tony Owen, Egerton  8922, Anaheim - 5232, Estonia",,
35,4-607-104-1386,Fred,Reid,"Mr. Fred Reid, Jackson 3853, Jacksonville - 6186, Sierra Leone",,
36,5-250-472-0183,Caitlyn,Owens,"Ms. Caitlyn Owens, Pine 6025, Tulsa - 7812, Congo",,
37,2-152-461-8265,Jasmine,Young,"Mrs. Jasmine Young, Wake  637, Long Beach - 1756, Solomon Islands",,
38,7-380-516-5736,Luke,Douglas,"Mr. Luke Douglas, Caroline  7950, Seattle - 8008, Comoros",,
39,2-156-503-5761,Fred,Tyrrell,"Mr. Fred Tyrrell, Carnegie   5994, Los Angeles - 5170, Mozambique",,
40,0-163-466-4036,Martin,Lunt,"Mr. Martin Lunt, Bocking   1790, Rome - 4676, Greece",,
41,6-263-247-6540,Elise,Mccormick,"Miss Elise Mccormick, Longman   8961, Bucharest - 1203, Andorra",,
42,5-523-532-8330,Alison,Duvall,"Miss Alison Duvall, Camdale  3541, Hollywood - 2611, Mali",,
43,8-374-653-6743,Lucy,Bell,"Ms. Lucy Bell, Clarges   2253, Zurich - 2451, New Zealand",,
44,5-157-265-0660,Denny,Cox,"Mr. Denny Cox, Fairbairn  5733, London - 0524, France",,
45,5-280-275-2344,Elijah,Gray,"Mr. Elijah Gray, Bicknell  744, Venice - 1463, Greece",,
46,0-446-154-1285,Roger,Sinclair,"Mr. Roger Sinclair, Timothy  3338, Memphis - 0457, Comoros",,
47,3-458-610-8175,Mabel,Mason,"Miss Mabel Mason, Catherine  4994, Worcester - 8322, Sierra Leone",,
48,2-627-157-1748,Carl,Rees,"Mr. Carl Rees, Kilner   8281, Lisbon - 1832, Kiribati",,
49,1-515-864-1254,Jaylene,Torres,"Mrs. Jaylene Torres, Cato   9024, Springfield - 3573, Hungary",,
50,7-870-212-3631,Britney,Parr,"Miss Britney Parr, Timber   9142, Chicago - 3254, Burkina Faso",,
51,4-362-505-0138,Domenic,Davies,"Mr. Domenic Davies, Elba  1673, Lyon - 0278, Djibouti",,
52,0-843-130-0106,Molly,Harrison,"Mrs. Molly Harrison, Cliff  7102, San Francisco - 0206, Germany",,
53,2-771-252-8230,Rick,Jackson,"Mr. Rick Jackson, Bacon  4375, Sacramento - 0362, Moldova",,
54,8-402-765-0562,Cara,Neal,"Ms. Cara Neal, Baltic  7325, Atlanta - 8130, Jordan",,
55,5-565-582-5231,Ramon,Griffiths,"Mr. Ramon Griffiths, Chartham  3530, Rochester - 5337, Sao Tome and Principe",,
56,8-133-771-4624,Allison,Notman,"Ms. Allison Notman, Bishop   221, Lisbon - 2106, China",,
57,5-425-875-1156,Lily,Addison,"Ms. Lily Addison, Mariner  4555, San Antonio - 1846, Turkmenistan",,
58,4-215-316-8147,Kurt,Dempsey,"Mr. Kurt Dempsey, Birkbeck  1295, Phoenix - 0037, Fiji",,
59,4-737-287-0546,Jules,Murray,"Miss Jules Murray, Waite  3069, Lincoln - 3642, Sudan, South",,
60,7-750-235-6847,Harry,Mitchell,"Mr. Harry Mitchell, Ashley 4133, Milwaukee - 2412, Micronesia",,
61,7-246-001-4173,George,Walsh,"Mr. George Walsh, Durweston   6435, Fremont - 0772, China",,
62,3-368-526-4168,Joseph,Kennedy,"Mr. Joseph Kennedy, Belfort  5695, Otawa - 6866, Tonga",,
63,2-615-714-2530,Tony,Evans,"Mr. Tony Evans, Oxford 5121, Garland - 3327, El Salvador",,
64,1-883-002-6488,Martha,Whittle,"Mrs. Martha Whittle, Blomfield  9086, Memphis - 5333, Greece",,
65,2-252-633-1426,William,Upsdell,"Mr. William Upsdell, Cephas  3929, Tallahassee - 3542, Taiwan",,
66,6-063-154-5532,Phillip,Campbell,"Mr. Phillip Campbell, Black Swan  5619, Nashville - 1632, Bangladesh",,
67,7-042-086-2374,Irene,Snow,"Miss Irene Snow, Bliss  2532, Anaheim - 0515, Slovenia",,
68,5-847-224-0415,Josh,Long,"Mr. Josh Long, Virgil   3833, Pittsburgh - 7087, Kazakhstan",,
69,5-538-035-3736,Rocco,Mills,"Mr. Rocco Mills, Oxford 4101, Venice - 7606, Gabon",,
70,4-526-825-3303,Piper,Plant,"Miss Piper Plant, Ayres   4584, Los Angeles - 7664, Sudan, South",,
71,0-643-110-5784,Alex,Whittle,"Miss Alex Whittle, Victoria  7414, Richmond - 1826, Latvia",,
72,8-343-018-8577,Sebastian,Dallas,"Mr. Sebastian Dallas, Armory  4320, Nashville - 3450, Nauru",,
73,1-601-544-3010,Cameron,Cooper,"Mrs. Cameron Cooper, Battis   464, Springfield - 7878, China",,
74,6-327-682-3612,Domenic,Haines,"Mr. Domenic Haines, Chatsworth  3848, San Francisco - 1461, Austria",,
75,7-752-060-7151,Nicholas,Stewart,"Mr. Nicholas Stewart, Commercial  7745, London - 7723, Finland",,
76,0-034-554-6375,Camellia,Exton,"Ms. Camellia Exton, Unwin  1688, Fremont - 6206, Tanzania",,
77,2-053-082-5305,Evie,Jennson,"Miss Evie Jennson, Chartham  3877, Albuquerque - 6864, Antigua and Barbuda",,
78,7-565-150-5444,Gwenyth,Wheeler,"Ms. Gwenyth Wheeler, Capeners  4011, San Antonio - 0223, Bhutan",,
79,4-432-037-7102,Harvey,Riley,"Mr. Harvey Riley, Arthur  1702, Norfolk - 2410, Belarus",,
80,7-382-051-8330,Alan,Johnson,"Mr. Alan Johnson, Vincent  9786, Albuquerque - 5520, The Gambia",,
81,4-848-288-2568,Rufus,Miller,"Mr. Rufus Miller, Oxford 7299, Arlington - 8183, Poland",,
82,1-362-244-4371,Chris,Marshall,"Mr. Chris Marshall, Bingham   8844, Norfolk - 4144, Saint Vincent and the Grenadines",,
83,3-708-228-1767,Jacob,Eaton,"Mr. Jacob Eaton, Abourne   6858, Houston - 0156, Sierra Leone",,
84,7-150-131-1581,Nate,Dillon,"Mr. Nate Dillon, Viscount   1278, Kansas City - 4536, Marshall Islands",,
85,1-237-332-5551,Doris,Stewart,"Miss Doris Stewart, Sheffield 7638, Houston - 5513, Croatia",,
86,1-418-000-3848,Lana,Walton,"Miss Lana Walton, Bekesbourne   7992, Portland - 2347, Zimbabwe",,
87,7-306-861-2768,Marvin,Swan,"Mr. Marvin Swan, Arbutus   2982, Madison - 5126, Libya",,
88,3-817-678-7484,Makena,Walker,"Miss Makena Walker, Meadow 1110, Bridgeport - 6116, Togo",,
89,2-530-885-8280,Kamila,Baxter,"Miss Kamila Baxter, Wake  4154, Seattle - 7841, Ireland",,
90,7-204-444-5542,Jackeline,Martin,"Ms. Jackeline Martin, Billing  9981, New York - 7813, Solomon Islands",,
91,5-363-727-3447,Madelyn,Vernon,"Miss Madelyn Vernon, Bolton  1562, Orlando - 6241, Senegal",,
92,7-047-852-5330,Amelia,Price,"Miss Amelia Price, Camley   6889, Madrid - 7163, Serbia",,
93,1-136-440-0004,Jackeline,Adams,"Ms. Jackeline Adams, Rivervalley 8046, Otawa - 2732, Barbados",,
94,3-320-850-7332,Chadwick,Bailey,"Mr. Chadwick Bailey, Callcott   7254, Fort Lauderdale - 2284, Iran",,
95,7-380-444-8437,Kieth,Gilmore,"Mr. Kieth Gilmore, West 1716, Zurich - 0114, Sweden",,
96,6-164-618-7773,Jack,Knight,"Mr. Jack Knight, Liverpool  6009, Washington - 8378, Mali",,
97,5-460-872-3383,Jayden,Neville,"Mr. Jayden Neville, Timber   7765, Jacksonville - 5501, Bulgaria",,
98,6-164-720-1075,Kenzie,Vallins,"Ms. Kenzie Vallins, Sherlock   9439, Huntsville - 4484, Angola",,
99,7-831-522-8457,Ally,Kerr,"Ms. Ally Kerr, Marischal  4126, Richmond - 3734, Botswana",,
100,8-665-645-8234,Melanie,Cameron,"Mrs. Melanie Cameron, Berriman  4174, Honolulu - 6814, Oman",,
